fecha,demanda_promedio_kw,demanda_maxima_kw,demanda_minima_kw,es_festivo
2022-01-01,6782089.25,7878393.82,5788415.17,True
2022-01-02,7124029.8,8467163.17,5928867.56,False
2022-01-03,8072942.38,9473471.04,6478238.3,False
2022-01-04,8296204.9,9600422.23,6771657.3,False
2022-01-05,8347807.34,9709922.39,6812581.29,False
2022-01-06,8393145.87,9684458.84,6894383.22,False
2022-01-07,8441302.79,9689453.54,6916483.86,False
2022-01-08,8187676.2,9365275.01,6977222.12,False
2022-01-09,7531982.07,8692358.49,6447016.15,False
2022-01-10,7590538.62,8913521.79,6412901.57,True
2022-01-11,8364359.01,9630238.14,6766607.69,False
2022-01-12,8564816.66,9815013.06,7028755.81,False
2022-01-13,8789854.39,10023429.09,6923291.25,False
2022-01-14,8680710.26,9774159.84,7038991.75,False
2022-01-15,8246009.78,9460413.57,6943148.0,False
2022-01-16,7675346.55,9002593.45,6402352.82,False
2022-01-17,8627736.4,9983964.86,6833346.77,False
2022-01-18,8751462.63,9961452.17,7142275.95,False
2022-01-19,8800375.89,10100155.58,7042363.92,False
2022-01-20,8888210.23,10146533.14,7133423.9,False
2022-01-21,9018193.01,10261887.63,7219420.51,False
2022-01-22,8551252.87,9673772.63,7269651.93,False
2022-01-23,7801208.88,9084100.78,6694595.88,False
2022-01-24,8766263.39,10091735.76,6884851.4,False
2022-01-25,8847134.13,10071282.05,7166928.64,False
2022-01-26,8851414.61,10071782.96,7179360.17,False
2022-01-27,8894235.55,10196149.66,7179701.17,False
2022-01-28,8908727.25,10049273.23,7192233.51,False
2022-01-29,8459739.49,9531466.24,7197612.14,False
2022-01-30,7586389.66,8850354.54,6451776.28,False
2022-01-31,8557703.37,9945681.62,6695291.06,False
2022-02-01,8792082.5,10215009.9,7035180.55,False
2022-02-02,8894381.91,10194599.09,7172048.49,False
2022-02-03,8979830.67,10318103.82,7223581.06,False
2022-02-04,8970586.47,10116457.08,7329086.0,False
2022-02-05,8500319.53,9575678.52,7250193.05,False
2022-02-06,7669487.78,8971523.57,6481625.43,False
2022-02-07,8664142.32,10020646.16,6869584.16,False
2022-02-08,8730139.31,9920429.59,7124745.08,False
2022-02-09,8739038.76,10069894.36,7066130.72,False
2022-02-10,8777627.71,10046914.96,7096419.72,False
2022-02-11,8889377.17,10140298.5,7171096.85,False
2022-02-12,8586344.05,9778081.0,7228495.11,False
2022-02-13,7829378.78,9195456.45,6644068.44,False
2022-02-14,8771894.78,10027756.5,6965478.63,False
2022-02-15,8773682.03,9975278.53,7172229.42,False
2022-02-16,8791009.2,10073155.3,7073278.86,False
2022-02-17,8927060.95,10219892.22,7183459.1,False
2022-02-18,8829774.09,9937015.35,7220869.91,False
2022-02-19,8469390.95,9598404.49,7155815.38,False
2022-02-20,7668261.55,8879454.41,6543884.25,False
2022-02-21,8695888.72,10075283.45,6753113.16,False
2022-02-22,9072103.06,10608639.56,7205684.0,False
2022-02-23,9079618.87,10305572.59,7484777.83,False
2022-02-24,8975106.33,10142663.26,7520699.03,False
2022-02-25,8957933.63,10131617.89,7279581.52,False
2022-02-26,8543140.81,9566686.3,7246822.93,False
2022-02-27,7736564.52,8962421.27,6643066.05,False
2022-02-28,8578446.93,9860905.99,6821500.6,False
2022-03-01,8751392.15,10098375.16,7066985.76,False
2022-03-02,8776787.4,9893380.3,7240839.01,False
2022-03-03,8795839.5,10015476.98,7089998.53,False
2022-03-04,8864766.24,10065063.05,7177377.94,False
2022-03-05,8494970.28,9520435.78,7219214.18,False
2022-03-06,7523223.13,8735576.78,6497591.31,False
2022-03-07,8618868.59,10090908.07,6667742.48,False
2022-03-08,8865063.81,10164865.93,7134267.26,False
2022-03-09,8874231.03,10166876.6,7163410.33,False
2022-03-10,8876184.9,10139364.86,7205953.46,False
2022-03-11,8860590.33,9989403.71,7175119.41,False
2022-03-12,8497134.8,9555056.79,7166651.41,False
2022-03-13,7655606.64,9006525.86,6652587.55,False
2022-03-14,8795204.96,10069354.4,6879882.11,False
2022-03-15,8907700.0,10249111.07,7165978.41,False
2022-03-16,8976215.7,10248164.14,7256452.99,False
2022-03-17,8971924.08,10287925.38,7270162.46,False
2022-03-18,9014149.53,10194175.27,7324773.52,False
2022-03-19,8594067.69,9711810.1,7324343.66,False
2022-03-20,7776294.83,8896183.02,6747514.47,False
2022-03-21,7914902.72,9338639.41,6685438.55,True
2022-03-22,8870309.44,10258638.04,7032346.36,False
2022-03-23,8985773.87,10253916.75,7294355.14,False
2022-03-24,9085053.67,10447332.46,7338913.12,False
2022-03-25,9110543.45,10336548.65,7387719.39,False
2022-03-26,8635222.95,9646151.63,7434141.61,False
2022-03-27,7753620.56,8930212.81,6675707.53,False
2022-03-28,8668840.17,10059974.53,6870715.16,False
2022-03-29,8772909.62,10127707.06,7014721.8,False
2022-03-30,8877319.45,10166331.75,7052084.55,False
2022-03-31,8928909.73,10144757.08,7273810.81,False
2022-04-01,8899075.94,10160694.54,7251208.56,False
2022-04-02,8598769.86,9645577.91,7283058.92,False
2022-04-03,7830452.14,8957768.02,6721705.27,False
2022-04-04,8683207.91,10080634.33,6810009.35,False
2022-04-05,8908187.07,10267723.98,7161050.44,False
2022-04-06,9083013.34,10361613.26,7292490.24,False
2022-04-07,9057975.05,10264155.27,7426566.54,False
2022-04-08,9019562.52,10227744.67,7384763.24,False
2022-04-09,8684482.84,9815345.02,7291488.57,False
2022-04-10,8032890.05,9232150.01,6860801.99,False
2022-04-11,8972993.6,10292360.82,7145021.8,False
2022-04-12,9061363.55,10322482.41,7380003.11,False
2022-04-13,8857320.06,9884789.34,7407546.82,False
2022-04-14,7891931.77,8954765.8,6796865.27,True
2022-04-15,7498579.03,8606613.05,6392579.3,True
2022-04-16,7915946.68,8966741.54,6715879.08,False
2022-04-17,7605089.62,8991676.56,6381388.47,False
2022-04-18,8720469.41,10017390.05,6883618.74,False
2022-04-19,8677267.79,9837682.51,7100453.96,False
2022-04-20,8624570.05,10008043.12,6896804.18,False
2022-04-21,8706160.97,10029135.76,7021809.57,False
2022-04-22,8697791.07,9904142.42,7013923.66,False
2022-04-23,8402300.71,9512227.93,7009319.57,False
2022-04-24,7821536.88,9082703.99,6583803.31,False
2022-04-25,8639669.28,9944633.85,6895829.02,False
2022-04-26,8854780.65,10217155.54,7090409.71,False
2022-04-27,8891348.57,10138401.14,7198255.43,False
2022-04-28,8777149.98,9992260.95,7187010.96,False
2022-04-29,8825576.01,10118908.78,7044643.57,False
2022-04-30,8635319.53,9966813.84,7199725.57,False
2022-05-01,7663607.76,8959049.53,6432399.04,True
2022-05-02,8864028.75,10275185.81,6984677.16,False
2022-05-03,9140877.51,10535930.79,7344530.62,False
2022-05-04,9259433.37,10583357.19,7446602.48,False
2022-05-05,8930417.72,9934965.43,7513127.5,False
2022-05-06,8704538.35,9838304.92,7136834.11,False
2022-05-07,8363856.6,9537948.01,7028900.26,False
2022-05-08,7748565.52,9022225.96,6461949.51,False
2022-05-09,8955998.87,10226138.03,7069573.88,False
2022-05-10,8950605.4,10240397.42,7277783.22,False
2022-05-11,8861224.03,10085891.08,7188303.88,False
2022-05-12,8940902.18,10341352.47,7189465.29,False
2022-05-13,8995622.49,10272919.7,7116257.78,False
2022-05-14,8734273.96,9957153.27,7383104.91,False
2022-05-15,7989352.54,9247305.16,6771784.78,False
2022-05-16,8956699.69,10361176.84,7090340.15,False
2022-05-17,8947528.25,10145549.28,7401966.89,False
2022-05-18,8899269.06,10216780.58,7214269.49,False
2022-05-19,8899693.81,10191941.82,7271672.45,False
2022-05-20,8986545.53,10116828.68,7265747.89,False
2022-05-21,8637219.21,9799511.04,7317243.2,False
2022-05-22,8007200.37,9324008.45,6754785.51,False
2022-05-23,8902908.23,10264038.6,7093659.56,False
2022-05-24,9058779.09,10349295.5,7353481.49,False
2022-05-25,9023649.72,10317134.26,7349915.1,False
2022-05-26,8954509.76,10203463.11,7244540.42,False
2022-05-27,9000582.26,10260498.0,7221623.22,False
2022-05-28,8643273.71,9703573.5,7374813.53,False
2022-05-29,7693585.21,8872254.68,6620001.71,False
2022-05-30,7939778.67,9380707.83,6609986.71,True
2022-05-31,8782944.7,10062085.22,6979894.76,False
2022-06-01,8854071.25,10203598.14,7102274.52,False
2022-06-02,8793858.8,10054352.23,7119350.43,False
2022-06-03,8648399.63,9737252.81,7139363.06,False
2022-06-04,8360475.87,9461595.58,7072519.69,False
2022-06-05,7637034.87,8942309.94,6401802.2,False
2022-06-06,8646668.4,10001763.35,6751922.57,False
2022-06-07,8623341.35,9820759.52,7064043.16,False
2022-06-08,8695442.11,10046821.21,6896019.94,False
2022-06-09,8768954.81,10020817.51,7064116.25,False
2022-06-10,8910058.02,10187471.4,7186629.38,False
2022-06-11,8461394.68,9535399.91,7283959.47,False
2022-06-12,7636265.08,8917002.55,6548825.01,False
2022-06-13,8649087.94,10068368.49,6708306.55,False
2022-06-14,8665472.45,9907411.71,7091849.31,False
2022-06-15,8820312.94,10157405.13,7093695.06,False
2022-06-16,8884654.02,10194559.88,7147457.9,False
2022-06-17,8819355.97,9883740.6,7260332.18,False
2022-06-18,8347116.06,9339514.66,7095954.57,False
2022-06-19,7344055.27,8452224.0,6459514.81,False
2022-06-20,7749856.46,9207496.23,6428740.8,True
2022-06-21,8671132.31,9976861.03,6891457.58,False
2022-06-22,8913013.44,10264131.09,7154562.3,False
2022-06-23,8986331.62,10278261.31,7299519.7,False
2022-06-24,8828300.98,9963252.82,7301965.76,False
2022-06-25,8298719.76,9345258.62,7108632.37,False
2022-06-26,7431463.51,8549744.25,6356720.75,False
2022-06-27,7631757.6,8969989.91,6471241.57,True
2022-06-28,8585559.18,9927403.7,6732252.6,False
2022-06-29,8784484.93,10028351.81,7108055.61,False
2022-06-30,8765736.09,9839210.99,7200186.17,False
2022-07-01,8785812.44,9914315.7,7101785.06,False
2022-07-02,8430654.07,9490974.0,7243610.74,False
2022-07-03,7657222.12,8849123.67,6475319.21,False
2022-07-04,8079421.09,9604044.87,6638100.44,True
2022-07-05,8811019.42,10112891.59,7011175.19,False
2022-07-06,8916045.6,10173392.4,7269484.12,False
2022-07-07,9028997.15,10319124.78,7291215.34,False
2022-07-08,9019023.07,10123682.17,7377866.37,False
2022-07-09,8676801.26,9847091.24,7287515.07,False
2022-07-10,7946011.72,9222475.51,6677903.94,False
2022-07-11,8817393.26,10112409.83,7075299.95,False
2022-07-12,8979100.02,10262365.43,7285365.0,False
2022-07-13,9025584.42,10409393.89,7308374.35,False
2022-07-14,9085980.1,10405243.91,7364512.44,False
2022-07-15,9093555.69,10287314.73,7399856.79,False
2022-07-16,8742385.12,9808372.5,7390211.63,False
2022-07-17,7953239.11,9080531.66,6829808.01,False
2022-07-18,8836359.43,10130918.85,6988821.66,False
2022-07-19,8983591.37,10239501.27,7272130.61,False
2022-07-20,8464661.31,9684744.29,7277893.56,True
2022-07-21,9006610.86,10341712.25,7236588.9,False
2022-07-22,9056884.14,10233688.46,7321954.42,False
2022-07-23,8615046.43,9659859.32,7350143.3,False
2022-07-24,7802594.58,9092942.89,6632786.42,False
2022-07-25,8803467.65,10207795.76,7011891.93,False
2022-07-26,8928062.95,10226214.94,7260393.51,False
2022-07-27,8950366.96,10178460.33,7279429.31,False
2022-07-28,8817578.57,10051305.04,7243531.67,False
2022-07-29,9058854.07,10350813.49,7238181.53,False
2022-07-30,8812713.6,9923951.89,7377161.75,False
2022-07-31,7905902.94,9119888.43,6733144.23,False
2022-08-01,8811179.21,10135603.37,7029047.05,False
2022-08-02,8759086.73,9957445.99,7196155.17,False
2022-08-03,8840493.53,10208866.36,7126629.87,False
2022-08-04,8996830.99,10396875.76,7203653.25,False
2022-08-05,8938558.08,10059269.71,7364398.23,False
2022-08-06,8444310.69,9557624.71,7221324.59,False
2022-08-07,7821052.12,9130542.7,6544624.4,True
2022-08-28,7885029.15,9139878.6,6745659.36,False
2022-08-29,8704914.25,10091728.3,6822125.72,False
2022-08-30,9031954.0,10431659.92,7162617.44,False
2022-08-31,9106777.09,10270597.34,7477208.34,False
2022-09-01,8934348.46,10195236.29,7270692.87,False
2022-09-02,9056135.94,10248524.41,7287756.75,False
2022-09-03,8705872.21,9777460.83,7310552.91,False
2022-09-04,7909721.88,9198486.97,6681326.74,False
2022-09-05,8982769.18,10370236.0,7034853.67,False
2022-09-06,9163809.01,10516057.11,7384165.08,False
2022-09-07,9176223.67,10367620.6,7492616.56,False
2022-09-08,9082605.53,10298682.28,7312290.23,False
2022-09-09,9121930.83,10311588.96,7344397.58,False
2022-09-10,8840945.94,9925891.66,7516406.72,False
2022-09-11,7857987.58,9262100.08,6592823.05,False
2022-09-12,8848131.3,10057586.3,7093308.23,False
2022-09-13,8897316.99,10251854.6,7083681.84,False
2022-09-14,9049302.27,10351701.89,7273541.07,False
2022-09-15,9157581.26,10434169.44,7420524.57,False
2022-09-16,9088422.42,10171717.95,7426280.44,False
2022-09-17,8609674.07,9728016.5,7317070.61,False
2022-09-18,7717752.48,8926057.4,6592794.39,False
2022-09-19,8635471.91,9927132.76,6730597.8,False
2022-09-20,8743946.69,10074353.3,6965990.58,False
2022-09-21,8798141.92,10089906.95,7029118.79,False
2022-09-22,8791899.85,10072744.04,7282788.36,False
2022-09-23,8953680.05,10204650.31,7274339.41,False
2022-09-24,8667901.9,9792563.98,7385654.41,False
2022-09-25,7787533.58,9265749.75,6436657.7,False
2022-09-26,8970882.46,10287904.56,6827158.25,False
2022-09-27,9128652.51,10298229.23,7441882.8,False
2022-09-28,9141872.66,10390501.1,7393006.17,False
2022-09-29,9074695.56,10100559.1,7401866.25,False
2022-09-30,9007004.04,9994270.81,7451689.88,False
2022-10-01,8425469.76,9454821.88,7213252.26,False
2022-10-02,7734183.0,9023220.96,6424849.04,False
2022-10-03,9236370.88,10499778.57,7215423.41,False
2022-10-04,9434067.17,10570147.8,7733290.68,False
2022-10-05,9185786.39,10248561.78,7636416.18,False
2022-10-06,9134982.44,10161896.06,7497640.69,False
2022-10-07,9007522.25,10259233.2,7453745.8,False
2022-10-08,8635263.07,9738285.32,7343783.49,False
2022-10-09,7818287.74,9172355.12,6574911.81,False
2022-10-10,9019835.51,10261589.7,7068792.3,False
2022-10-11,9315495.35,10439285.47,7538134.34,False
2022-10-12,9281063.36,10487422.5,7620403.98,False
2022-10-13,9113860.19,10226333.17,7475502.63,False
2022-10-14,9153275.17,10281435.65,7444629.82,False
2022-10-15,8720774.76,9915210.6,7384171.87,False
2022-10-16,7728115.71,8852106.88,6617428.95,False
2022-10-17,7898599.09,9400794.52,6615899.29,True
2022-10-18,9055236.5,10311353.36,7178963.86,False
2022-10-19,9083259.86,10329870.92,7508926.16,False
2022-10-20,9133089.19,10369575.84,7329374.05,False
2022-10-21,9090645.82,10383788.43,7347873.57,False
2022-10-22,8699904.57,9845220.62,7315736.3,False
2022-10-23,7864229.21,9089047.68,6664159.51,False
2022-10-24,8841515.49,10184583.85,6950803.98,False
2022-10-25,8908628.93,10195171.2,7263963.8,False
2022-10-26,8898236.46,10273676.52,7138655.97,False
2022-10-27,8988228.94,10303507.14,7220958.96,False
2022-10-28,8929864.53,10122386.44,7251903.59,False
2022-10-29,8501022.02,9652990.04,7153118.91,False
2022-10-30,7988676.05,9244191.97,6728364.03,False
2022-10-31,8947173.26,10206857.99,7079261.82,False
2022-11-01,9260106.37,10673602.68,7414303.45,False
2022-11-02,9377579.33,10552246.39,7667407.86,False
2022-11-03,9083836.36,10139079.84,7457989.6,False
2022-11-04,8992760.43,10163504.85,7394807.56,False
2022-11-05,8516867.69,9620403.4,7343649.44,False
2022-11-06,7475779.89,8722148.13,6480133.57,False
2022-11-07,7860763.16,9277283.07,6572580.27,True
2022-11-08,8848510.1,10193675.27,6996265.82,False
2022-11-09,8827966.33,10105695.38,7167347.63,False
2022-11-10,8932330.04,10330390.1,7108221.78,False
2022-11-11,9012634.08,10316522.05,7332324.89,False
2022-11-12,8510266.44,9645397.13,7346794.75,False
2022-11-13,7698787.25,8802261.07,6637514.19,False
2022-11-14,7991672.57,9380373.05,6680027.42,True
2022-11-15,8971336.21,10327224.87,7028377.66,False
2022-11-16,9136075.02,10393533.56,7418008.37,False
2022-11-17,9051203.0,10350965.41,7288620.72,False
2022-11-18,8877014.78,10066619.76,7256755.02,False
2022-11-19,8761545.95,9984152.45,7296968.25,False
2022-11-20,8184260.6,9359540.13,6999040.6,False
2022-11-21,9107104.46,10319971.54,7158085.17,False
2022-11-22,9278297.53,10565931.39,7458790.65,False
2022-11-23,9246459.85,10492771.69,7459804.93,False
2022-11-24,9182420.42,10436898.41,7468368.15,False
2022-11-25,9269021.8,10532071.31,7484692.41,False
2022-11-26,8886909.79,9985010.09,7555982.61,False
2022-11-27,7945793.56,9045830.31,6764491.41,False
2022-11-28,8930009.54,10120075.14,7062401.62,False
2022-11-29,8977745.92,10266913.38,7293703.2,False
2022-11-30,9019918.8,10283359.97,7261312.2,False
2022-12-01,8951361.61,10229500.39,7290352.5,False
2022-12-02,9011069.31,10235084.5,7245784.42,False
2022-12-03,8624258.01,9785529.69,7287040.37,False
2022-12-04,7954901.55,9084091.62,6748617.74,False
2022-12-05,8955932.33,10268848.77,7095887.77,False
2022-12-06,9056285.82,10304302.37,7314464.35,False
2022-12-07,8908413.99,10060153.8,7320942.29,False
2022-12-08,8127613.98,9205681.78,6929749.37,True
2022-12-09,9037882.8,10377948.02,7134391.92,False
2022-12-10,8773103.12,9904369.97,7368818.75,False
2022-12-11,7996758.67,9255833.05,6726076.05,False
2022-12-12,8922298.29,10326213.83,7098390.94,False
2022-12-13,9133549.49,10344251.41,7416773.38,False
2022-12-14,9214524.49,10539641.26,7462610.33,False
2022-12-15,9219044.01,10486151.49,7447368.7,False
2022-12-16,9274779.47,10493872.96,7558701.33,False
2022-12-17,8725915.22,9844725.8,7370679.02,False
2022-12-18,8007879.14,9152462.66,6671254.91,False
2022-12-19,8973642.13,10222726.97,7106618.58,False
2022-12-20,9086410.09,10266171.78,7446617.51,False
2022-12-21,9179183.96,10344047.45,7483901.18,False
2022-12-22,9215721.2,10390201.81,7571242.73,False
2022-12-23,9061395.88,10054294.38,7627117.28,False
2022-12-24,8151721.43,9281928.07,7282648.82,False
2022-12-25,7351323.39,8477232.42,6269105.23,True
2022-12-26,8521142.9,9922219.3,6709587.39,False
2022-12-27,8865542.0,10121324.22,7218125.02,False
2022-12-28,9096494.7,10309820.86,7479088.56,False
2022-12-29,8975142.52,10169518.49,7499236.91,False
2022-12-30,8780105.44,9906570.93,7393227.49,False
2022-12-31,8120581.2,9235681.62,7177291.15,False
2023-01-01,7243055.91,8193157.3,6325808.07,True
2023-01-02,8200925.78,9595559.92,6650287.76,False
2023-01-03,8655338.51,9904091.26,7097967.59,False
2023-01-04,8859544.77,10077237.47,7365269.27,False
2023-01-05,8882535.32,10140657.72,7339933.32,False
2023-01-06,9035093.26,10173055.25,7541069.08,False
2023-01-07,8678845.31,9734651.2,7574772.19,False
2023-01-08,7916733.83,9025866.95,6824635.04,False
2023-01-09,8101448.28,9366329.25,7001272.85,True
2023-01-10,8834373.65,10150047.61,7093150.73,False
2023-01-11,8955502.9,10223351.88,7408948.09,False
2023-01-12,8943576.29,10306978.25,6982633.46,False
2023-01-13,9230102.14,10400214.33,7577160.1,False
2023-01-14,8829968.89,10001693.51,7542206.57,False
2023-01-15,7979318.07,9193239.84,6714426.86,False
2023-01-16,9042471.26,10354543.36,7158958.59,False
2023-01-17,9180505.99,10389293.39,7374308.72,False
2023-01-18,9206068.36,10345398.6,7580100.94,False
2023-01-19,9260262.9,10500835.67,7530557.51,False
2023-01-20,9255455.61,10387008.41,7575646.42,False
2023-01-21,8758915.39,10038408.06,7393984.29,False
2023-01-22,8136175.34,9422156.69,6900513.05,False
2023-01-23,9231185.86,10540619.02,7341303.39,False
2023-01-24,9406648.64,10646356.8,7686103.19,False
2023-01-25,9392339.77,10720056.71,7472907.87,False
2023-01-26,9453719.84,10688342.67,7782124.07,False
2023-01-27,9444440.72,10575702.89,7729838.43,False
2023-01-28,8996887.06,10116262.81,7729605.48,False
2023-01-29,8164823.76,9445204.06,6908136.51,False
2023-01-30,9223658.52,10556645.58,7282518.42,False
2023-01-31,9354246.37,10598393.39,7641941.37,False
2023-02-01,9331456.74,10501127.64,7595728.74,False
2023-02-02,9305795.78,10586156.63,7561314.36,False
2023-02-03,9392267.65,10580815.88,7614686.8,False
2023-02-04,9010445.32,10096008.15,7737106.43,False
2023-02-05,8149472.63,9486059.68,6983640.56,False
2023-02-06,9324120.92,10703868.37,7365693.56,False
2023-02-07,9297598.92,10694963.0,7234358.84,False
2023-02-08,9467901.95,10724973.1,7650588.64,False
2023-02-09,9529388.57,10788266.16,7823300.27,False
2023-02-10,9289059.06,10676088.32,7382394.21,False
2023-02-11,8825732.9,9923390.07,7409538.89,False
2023-02-12,8031243.2,9346888.41,6929270.83,False
2023-02-13,8983272.67,10296831.45,7077643.95,False
2023-02-14,9214430.82,10592707.37,7310579.01,False
2023-02-15,9401672.26,10589344.0,7607177.93,False
2023-02-16,9292859.0,10741036.51,7393808.5,False
2023-02-17,9424121.4,10612018.39,7724296.23,False
2023-02-18,8974869.53,10094633.06,7717423.06,False
2023-02-19,7850289.17,8996116.58,6521958.37,False
2023-02-20,9041343.9,10399312.8,7129637.86,False
2023-02-21,9100427.01,10429007.03,7349384.54,False
2023-02-22,9245142.6,10511171.22,7421530.26,False
2023-02-23,9183386.25,10648065.59,7163353.26,False
2023-02-24,9406189.55,10695417.65,7554810.21,False
2023-02-25,8806806.29,9752568.12,7740790.69,False
2023-02-26,8262525.0,9572432.92,7027133.71,False
2023-02-27,9373795.76,10746573.33,7439139.63,False
2023-02-28,9315195.14,10505538.13,7749507.24,False
2023-03-01,9336668.13,10584996.34,7341821.82,False
2023-03-02,9365154.28,10828588.38,7442223.85,False
2023-03-03,9255566.12,10406232.72,7520572.18,False
2023-03-04,8989115.7,10296204.04,7522357.76,False
2023-03-05,8044203.48,9129636.83,6786659.54,False
2023-03-06,8983647.94,10329682.38,7048823.74,False
2023-03-07,9027670.55,10222947.8,7339564.55,False
2023-03-08,8973748.5,10180293.45,7297596.28,False
2023-03-09,8816960.96,10030483.27,7251971.5,False
2023-03-10,8854220.08,10087303.98,7139543.43,False
2023-03-11,8467875.52,9513471.57,7199362.5,False
2023-03-12,7692753.39,9033078.57,6477352.9,False
2023-03-13,8709564.6,10085455.72,6830749.01,False
2023-03-14,8854972.55,10058119.81,7156354.26,False
2023-03-15,8809023.09,10114056.65,7115254.58,False
2023-03-16,8875409.58,10064314.84,7158816.33,False
2023-03-17,8932799.67,10144927.1,7181978.07,False
2023-03-18,8656020.78,9744529.54,7348674.82,False
2023-03-19,7781975.02,8981877.55,6587737.13,False
2023-03-20,8052222.1,9547229.89,6744477.15,True
2023-03-21,9063508.8,10418337.38,7139651.88,False
2023-03-22,9121580.1,10413386.16,7382030.83,False
2023-03-23,9119284.89,10413934.47,7402210.95,False
2023-03-24,9216746.3,10376620.73,7468839.21,False
2023-03-25,8793717.86,9912275.87,7473449.29,False
2023-03-26,8024511.53,9279657.53,6789117.34,False
2023-03-27,8998810.27,10231390.2,7127240.52,False
2023-03-28,9113325.74,10370153.4,7338543.37,False
2023-03-29,9060102.82,10281956.2,7413091.83,False
2023-03-30,9058334.52,10327918.15,7350392.75,False
2023-03-31,9091877.75,10178940.87,7415446.49,False
2023-04-01,8757969.09,9794423.14,7488139.43,False
2023-04-02,7966112.03,9102525.71,6830073.0,False
2023-04-03,8948587.62,10248205.61,7065461.8,False
2023-04-04,9054711.45,10205824.87,7367462.49,False
2023-04-05,8909260.94,9937261.52,7424934.7,False
2023-04-06,7673206.03,8620880.89,6710016.09,True
2023-04-07,7195114.8,8262788.07,6222706.04,True
2023-04-08,7784973.93,9091036.2,6433586.48,False
2023-04-09,7757537.0,9156558.57,6465401.5,False
2023-04-10,8987805.2,10347689.47,7011281.41,False
2023-04-11,9149471.16,10380793.3,7444607.13,False
2023-04-12,9165593.9,10437955.23,7439304.68,False
2023-04-13,9199444.77,10440059.94,7485984.52,False
2023-04-14,9345588.98,10481272.89,7557660.69,False
2023-04-15,8903279.12,9991626.31,7551648.11,False
2023-04-16,7859595.77,9069860.73,6733966.25,False
2023-04-17,8794427.88,10137860.53,6911002.22,False
2023-04-18,9081440.21,10411435.66,7280096.73,False
2023-04-19,9172537.16,10490013.91,7402644.29,False
2023-04-20,9211022.89,10411987.2,7507161.54,False
2023-04-21,9064908.82,10128633.08,7410910.88,False
2023-04-22,8647576.21,9755865.72,7288684.58,False
2023-04-23,7834623.0,9149803.27,6666477.45,False
2023-04-24,8869944.33,10284152.3,6931529.68,False
2023-04-25,9033820.73,10334005.14,7256565.59,False
2023-04-26,9171462.41,10463116.66,7384537.21,False
2023-04-27,9261006.15,10509002.87,7505904.33,False
2023-04-28,9225298.83,10337013.59,7579734.14,False
2023-04-29,8837892.66,9919111.65,7498194.93,False
2023-04-30,7802745.08,8853388.55,6866950.45,False
2023-05-01,7930018.2,9417488.27,6515616.22,True
2023-05-02,9209147.25,10675835.86,7147518.11,False
2023-05-03,9466858.87,10799388.83,7640366.17,False
2023-05-04,9546723.71,10815960.3,7683595.14,False
2023-05-05,9734800.73,10958709.22,7935075.97,False
2023-05-06,9361998.99,10513893.17,8020995.56,False
2023-05-07,8274701.24,9561292.81,6958666.25,False
2023-05-08,9328222.76,10649244.04,7380082.9,False
2023-05-09,9545689.81,10763706.99,7746428.94,False
2023-05-10,9345060.64,10555755.3,7688470.96,False
2023-05-11,9448882.72,10708486.76,7615600.83,False
2023-05-12,9556499.34,10726999.2,7790959.49,False
2023-05-13,9173509.69,10188136.49,7817152.82,False
2023-05-14,8167681.98,9187515.74,7068963.55,False
2023-05-15,9194091.31,10505794.78,7289513.13,False
2023-05-16,9285503.5,10339678.4,7681591.66,False
2023-05-17,9203451.35,10638283.62,7329779.98,False
2023-05-18,9519070.17,10897417.27,7614635.76,False
2023-05-19,9651203.38,10815917.82,7861959.35,False
2023-05-20,9043705.32,10111838.28,7788107.51,False
2023-05-21,7896942.58,8852382.16,6906802.98,False
2023-05-22,7980633.64,9460876.02,6644080.82,True
2023-05-23,9063357.68,10448660.38,7144119.47,False
2023-05-24,9243551.0,10568599.41,7452273.16,False
2023-05-25,9193790.78,10422521.9,7401743.44,False
2023-05-26,9159554.38,10252385.9,7446640.57,False
2023-05-27,8785680.12,9898207.08,7415725.96,False
2023-05-28,7946956.4,9173285.64,6700139.79,False
2023-05-29,9011143.06,10374647.81,7125930.53,False
2023-05-30,9102003.0,10293072.16,7379171.32,False
2023-05-31,9193971.88,10409603.53,7424988.14,False
2023-06-01,9043387.68,10230620.78,7463080.33,False
2023-06-02,9152236.49,10425708.69,7343279.55,False
2023-06-03,8951090.16,10086388.13,7553729.94,False
2023-06-04,7909848.93,9093461.98,6896521.95,False
2023-06-05,8985280.92,10475108.05,6950506.68,False
2023-06-06,9256172.8,10550184.04,7508390.31,False
2023-06-07,9418838.34,10781651.22,7588886.58,False
2023-06-08,9131281.75,10152247.49,7725599.15,False
2023-06-09,9174667.65,10526706.59,7334791.9,False
2023-06-10,8809792.89,9828640.47,7540745.62,False
2023-06-11,7940186.69,9206798.53,6730892.87,False
2023-06-12,8267654.5,9701226.17,6932200.87,True
2023-06-13,9319492.26,10667531.33,7300396.91,False
2023-06-14,9428016.21,10674634.57,7727687.14,False
2023-06-15,9290377.1,10516409.89,7523399.52,False
2023-06-16,9301087.37,10453129.91,7680589.11,False
2023-06-17,8706041.64,9783186.71,7465403.16,False
2023-06-18,7851661.0,9000476.64,6683213.3,False
2023-06-19,8228590.54,9672232.87,6850496.5,True
2023-06-20,9450187.17,10818442.23,7431133.97,False
2023-06-21,9655038.03,10872567.82,7871687.83,False
2023-06-22,9613302.95,10834576.66,7947678.44,False
2023-06-23,9460798.5,10585382.17,7756881.21,False
2023-06-24,8913705.67,9894712.49,7624211.28,False
2023-06-25,8009808.53,9177685.12,6855928.6,False
2023-06-26,8851275.64,10026323.13,7098202.26,False
2023-06-27,9143287.81,10454769.06,7182813.3,False
2023-06-28,9329188.01,10558579.2,7536458.82,False
2023-06-29,9487403.77,10697976.79,7710584.76,False
2023-06-30,9449874.25,10592477.23,7747340.82,False
2023-07-01,8882465.21,9877158.76,7719705.29,False
2023-07-02,7760353.5,8811169.82,6739202.6,False
2023-07-03,7953563.95,9296414.32,6703934.35,True
2023-07-04,8965162.45,10295718.77,7092642.01,False
2023-07-05,9170357.59,10398051.2,7421689.78,False
2023-07-06,9143766.56,10305129.0,7556379.83,False
2023-07-07,9104419.64,10169169.0,7434295.64,False
2023-07-08,8704549.94,9815350.34,7402139.75,False
2023-07-09,7975816.06,9338860.44,6659358.09,False
2023-07-10,9124066.37,10444846.97,7276391.85,False
2023-07-11,9281917.9,10478296.09,7521950.84,False
2023-07-12,9220454.69,10548262.95,7409954.05,False
2023-07-13,9449140.19,10756224.4,7637309.81,False
2023-07-14,9449989.19,10521397.05,7790436.31,False
2023-07-15,8960521.04,10005444.7,7644401.24,False
2023-07-16,8044783.8,9198579.58,6861747.24,False
2023-07-17,9144005.92,10407960.6,7204700.74,False
2023-07-18,9367077.77,10628697.19,7582585.2,False
2023-07-19,9423002.64,10600731.72,7691189.35,False
2023-07-20,8797833.58,10062218.02,7494964.28,True
2023-07-21,9465800.59,10608394.86,7734037.54,False
2023-07-22,8938736.48,9944855.56,7709876.05,False
2023-07-23,8132173.73,9427384.46,6811508.74,False
2023-07-24,9372583.58,10735469.39,7345748.96,False
2023-07-25,9527528.18,10800745.87,7753078.9,False
2023-07-26,9447473.33,10690048.07,7795116.33,False
2023-07-27,9395694.32,10644369.86,7680333.15,False
2023-07-28,9519515.37,10723385.33,7747723.22,False
2023-07-29,9186637.62,10282009.62,7854101.23,False
2023-07-30,8347923.26,9479090.28,7284259.97,False
2023-07-31,9243785.04,10552754.19,7313504.66,False
2023-08-01,9391803.74,10664903.31,7655760.71,False
2023-08-02,9526705.24,10832069.74,7708279.47,False
2023-08-03,9661802.64,10969261.99,7837551.06,False
2023-08-04,9719890.8,10881360.56,7998908.94,False
2023-08-05,9220445.8,10308646.25,7955284.12,False
2023-08-06,8352239.64,9436554.34,7187235.7,False
2023-08-07,8485594.11,9857694.73,7196520.34,True
2023-08-08,9598438.73,11072009.18,7592996.58,False
2023-08-09,9642555.69,10907066.63,7942775.95,False
2023-08-10,9556181.12,10924036.48,7816416.06,False
2023-08-11,9714728.66,10861322.26,8004241.36,False
2023-08-12,9279229.32,10320837.7,7939354.86,False
2023-08-13,8381571.7,9474444.14,7193375.59,False
2023-08-14,9351304.65,10598879.68,7383610.77,False
2023-08-15,9486095.37,10677565.18,7710430.69,False
2023-08-16,9469050.03,10869721.65,7734521.2,False
2023-08-17,9582523.55,10938431.92,7863301.82,False
2023-08-18,9651451.58,10868625.37,7854568.48,False
2023-08-19,9328237.14,10350188.89,8081932.24,False
2023-08-20,8229887.73,9275612.1,7206843.84,False
2023-08-21,8306748.74,9635830.93,7079125.02,True
2023-08-22,8976703.39,10342187.68,7275909.46,False
2023-08-23,9227356.1,10673026.8,7393953.39,False
2023-08-24,9393636.59,10810114.96,7590160.94,False
2023-08-25,9580823.42,10767285.48,7837953.9,False
2023-08-26,9141851.69,10087469.88,7844253.14,False
2023-08-27,8281909.28,9659941.33,6852515.44,False
2023-08-28,9588475.61,10913828.41,7581987.11,False
2023-08-29,9865185.7,11515632.81,7790302.29,False
2023-08-30,10072864.4,11475547.69,8101143.6,False
2023-08-31,10112101.28,11567236.72,8096107.18,False
2023-09-01,10083919.53,11396707.83,8151160.05,False
2023-09-02,9657875.16,10615729.96,8496304.59,False
2023-09-03,8313864.37,9582956.34,6960372.72,False
2023-09-04,9439290.83,11169891.98,7254902.76,False
2023-09-05,9924432.06,11442104.53,7844272.83,False
2023-09-06,10119575.09,11608805.19,8025873.42,False
2023-09-07,10204185.51,11544933.25,8272344.18,False
2023-09-08,10222581.68,11438781.81,8417713.87,False
2023-09-09,9635223.54,10711957.3,8466745.36,False
2023-09-10,8391599.19,9590204.43,7063717.48,False
2023-09-11,9745320.81,11342918.56,7353799.5,False
2023-09-12,10053552.92,11600635.88,7889048.77,False
2023-09-13,10153411.0,11402991.02,8358165.9,False
2023-09-14,10190351.52,11319440.13,8447346.32,False
2023-09-15,9927506.2,11091303.09,8129622.45,False
2023-09-16,9303057.95,10656733.43,7783408.06,False
2023-09-17,8544223.47,9946720.03,7093883.87,False
2023-09-18,9694641.52,11031062.65,7673137.8,False
2023-09-19,10007799.66,11371793.76,8134018.27,False
2023-09-20,10015257.96,11464549.94,8047503.04,False
2023-09-21,10249524.18,11547411.72,8426915.39,False
2023-09-22,10289058.85,11514288.82,8564850.82,False
2023-09-23,9605266.96,10684136.77,8477960.41,False
2023-09-24,8770114.39,10165406.0,7431489.64,False
2023-09-25,10038086.43,11448360.42,7990332.95,False
2023-09-26,10164781.4,11485573.93,8369146.89,False
2023-09-27,10249650.92,11530718.52,8445169.41,False
2023-09-28,10088650.45,11271209.08,8407157.57,False
2023-09-29,10041966.25,11267874.51,8163885.81,False
2023-09-30,9807026.7,10934687.12,8363172.69,False
2023-10-01,8904727.51,10146491.83,7623060.49,False
2023-10-02,9906628.59,11148359.31,8107600.22,False
2023-10-03,9851821.72,11021297.18,8236597.29,False
2023-10-04,9710211.59,11103623.22,8005071.67,False
2023-10-05,9878938.24,11178324.57,8178168.93,False
2023-10-06,9764075.81,10928243.19,8126436.85,False
2023-10-07,9374143.0,10427950.42,8085690.84,False
2023-10-08,8376088.03,9555628.23,7210993.26,False
2023-10-09,9581938.8,10912668.3,7518527.11,False
2023-10-10,9803742.68,11108226.44,7995468.23,False
2023-10-11,9804202.13,11192700.71,7936723.54,False
2023-10-12,10031151.01,11232812.45,8267179.89,False
2023-10-13,9962688.35,11171353.13,8212004.86,False
2023-10-14,9307305.22,10287407.07,8219560.73,False
2023-10-15,8330781.05,9500671.14,6976510.58,False
2023-10-16,8391249.28,9815365.05,7148787.69,True
2023-10-17,9611144.14,11062822.41,7467276.52,False
2023-10-18,9884204.24,11179307.18,8085610.67,False
2023-10-19,10093108.06,11377671.07,8357619.71,False
2023-10-20,9685308.53,10955220.15,8065125.39,False
2023-10-21,9183284.44,10244390.87,7924529.58,False
2023-10-22,8358057.74,9584683.4,7086809.56,False
2023-10-23,9555416.27,10967737.68,7589501.51,False
2023-10-24,9515164.98,10744439.45,8142935.22,False
2023-10-25,9436928.24,10390038.71,8083656.41,False
2023-10-26,9230887.43,10403295.05,7513877.82,False
2023-10-27,9276330.91,10469391.11,7828854.18,False
2023-10-28,8993533.79,10060454.69,7791480.52,False
2023-10-29,8138757.04,9386596.66,7161483.13,False
2023-10-30,9403036.15,10777216.91,7418700.67,False
2023-10-31,9393925.83,10422369.64,7738011.36,False
2023-11-01,9366881.39,10561414.1,7942800.27,False
2023-11-02,9335261.97,10624300.46,7573484.08,False
2023-11-03,9460039.51,10819460.79,7679721.38,False
2023-11-04,9067228.05,10379452.42,7652161.4,False
2023-11-05,8308032.39,9608518.26,6953712.98,False
2023-11-06,8499950.62,9962767.16,7058040.84,True
2023-11-07,9529934.58,11019453.26,7575325.49,False
2023-11-08,9843039.99,11306926.16,7888497.98,False
2023-11-09,10004567.79,11425210.05,8109818.83,False
2023-11-10,9900923.34,11097464.82,8185049.93,False
2023-11-11,9382369.43,10643336.29,7965721.98,False
2023-11-12,8576919.31,9792939.94,7336360.27,False
2023-11-13,8742209.1,10345443.66,7167956.11,True
2023-11-14,9890501.22,11319837.07,7866293.72,False
2023-11-15,9713772.5,10854712.48,8282541.76,False
2023-11-16,9706776.07,11301503.07,7709855.58,False
2023-11-17,9878525.17,11238377.47,7963670.06,False
2023-11-18,9192234.43,10410315.49,7886489.82,False
2023-11-19,8222590.43,9572279.17,6978274.64,False
2023-11-20,9481754.91,10853114.94,7467009.84,False
2023-11-21,9707073.56,11245714.24,7799099.47,False
2023-11-22,9694678.33,11022727.44,7816451.6,False
2023-11-23,9876995.39,11102331.88,7965415.04,False
2023-11-24,9733317.53,11018005.62,7927120.64,False
2023-11-25,8964575.33,10057056.52,7676645.11,False
2023-11-26,8252488.89,9598134.78,6954201.71,False
2023-11-27,9647064.1,11065055.06,7517437.32,False
2023-11-28,9817763.46,11267278.98,7839002.76,False
2023-11-29,9794351.54,11320977.36,7768626.98,False
2023-11-30,9908999.45,11254595.78,7942305.96,False
2023-12-01,9768422.56,11080048.6,7912697.42,False
2023-12-02,9240370.13,10552466.42,7761714.39,False
2023-12-03,8521662.64,10005191.47,7011472.24,False
2023-12-04,9750128.47,11137329.38,7727764.49,False
2023-12-05,10037762.35,11477605.44,8173485.93,False
2023-12-06,10092378.19,11385248.87,8187840.31,False
2023-12-07,9829444.03,11078927.47,8210990.3,False
2023-12-08,9058859.25,10210576.69,7756689.91,True
2023-12-09,9425221.53,10689626.75,8057554.69,False
2023-12-10,8647119.17,10048299.45,7294498.34,False
2023-12-11,9852133.94,11328154.26,7697182.43,False
2023-12-12,10043054.52,11468264.72,8061873.5,False
2023-12-13,10028799.08,11406520.51,8059722.96,False
2023-12-14,10052354.66,11414140.31,8213138.76,False
2023-12-15,9817611.4,11033514.09,8152344.06,False
2023-12-16,9322752.53,10454511.94,7963401.93,False
2023-12-17,8465023.66,9866877.13,7060377.69,False
2023-12-18,9415855.47,10657299.68,7493891.83,False
2023-12-19,9492047.14,10775090.54,7857401.45,False
2023-12-20,9577785.51,10772199.28,7774198.28,False
2023-12-21,9535347.54,10861674.35,7843964.34,False
2023-12-22,9537660.46,10809538.03,7810315.06,False
2023-12-23,8952848.05,10168557.65,7781669.15,False
2023-12-24,8291000.88,9648561.02,7065803.79,False
2023-12-25,7775189.25,9047188.99,6693772.98,True
2023-12-26,9176466.21,10597617.99,7105429.32,False
2023-12-27,9166768.86,10335528.77,7525832.8,False
2023-12-28,9105499.74,10278017.99,7534606.89,False
2023-12-29,8924258.36,9968828.49,7531910.22,False
2023-12-30,8394396.06,9477696.69,7230219.23,False
2023-12-31,7864163.53,9158007.73,6801312.45,False
2024-01-01,7242098.89,8336059.98,6287595.26,True
2024-01-02,8489909.7,9846198.13,6778829.26,False
2024-01-03,8856594.68,10134511.35,7300902.81,False
2024-01-04,9042429.4,10314986.15,7503826.33,False
2024-01-05,9105112.88,10238555.65,7625441.15,False
2024-01-06,8740934.64,10069047.01,7558760.35,False
2024-01-07,8101399.77,9230671.15,6957180.63,False
2024-01-08,8244840.16,9621349.82,6981225.65,True
2024-01-09,9208778.6,10500845.16,7396871.34,False
2024-01-10,9494514.77,10744595.31,7740942.96,False
2024-01-11,9553113.37,10745618.03,7866868.32,False
2024-01-12,9730007.88,11012027.35,7908030.42,False
2024-01-13,9324324.56,10464857.25,7980129.34,False
2024-01-14,8687609.89,10044701.15,7232511.36,False
2024-01-15,9656995.09,11122770.85,7562270.95,False
2024-01-16,9798799.01,11089448.68,7873661.37,False
2024-01-17,9685111.77,10907717.46,7907956.82,False
2024-01-18,9695251.21,10861747.25,7987438.16,False
2024-01-19,9717108.99,10926860.42,7922970.17,False
2024-01-20,9274247.16,10267396.77,8015263.49,False
2024-01-21,8436415.13,9685126.71,7273275.3,False
2024-01-22,9477478.68,10906283.0,7530177.05,False
2024-01-23,9656271.78,10894720.74,7926615.23,False
2024-01-24,9656358.0,10940655.22,7913631.41,False
2024-01-25,9618489.5,10859479.22,7920287.67,False
2024-01-26,9668301.24,10932382.71,7896591.38,False
2024-01-27,9270553.28,10408985.03,7983499.05,False
2024-01-28,8411837.52,9682416.0,7209198.95,False
2024-01-29,9712745.53,11239249.8,7565323.35,False
2024-01-30,9904570.53,11228032.21,7969963.11,False
2024-01-31,9815407.9,11073637.39,7982907.62,False
2024-02-01,9713378.17,10998088.72,7963936.55,False
2024-02-02,9410691.79,10356936.88,7884602.91,False
2024-02-03,8900177.05,9991260.95,7661077.69,False
2024-02-04,8163165.72,9446023.73,7045544.0,False
2024-02-05,9172771.54,10480218.96,7383865.19,False
2024-02-06,9294381.75,10509222.79,7624057.27,False
2024-02-07,9176434.93,10246622.14,7653726.24,False
2024-02-08,9170089.82,10393404.2,7423913.29,False
2024-02-09,9311470.71,10508063.75,7535619.46,False
2024-02-10,9021284.12,10114260.93,7719755.47,False
2024-02-11,8366645.01,9702518.7,7116226.7,False
2024-02-12,9484487.31,10849781.49,7595181.92,False
2024-02-13,9666193.68,11020684.74,7907928.56,False
2024-02-14,9730351.56,10905473.37,8025082.76,False
2024-02-15,9784201.12,11013993.42,8022738.23,False
2024-02-16,9840872.87,11003840.46,8147007.69,False
2024-02-17,9465711.42,10628936.22,8178308.04,False
2024-02-18,8595201.69,9935449.82,7377554.44,False
2024-02-19,9627893.41,10910061.63,7779060.96,False
2024-02-20,9701573.89,10894493.07,8037614.58,False
2024-02-21,9503905.58,10708290.02,7972255.03,False
2024-02-22,9411795.26,10608411.66,7779291.79,False
2024-02-23,9450647.27,10664839.09,7705095.37,False
2024-02-24,9129143.73,10164448.61,7803925.12,False
2024-02-25,8305952.91,9545654.35,7124951.53,False
2024-02-26,9376481.37,10724039.37,7517600.08,False
2024-02-27,9592817.52,10804758.85,7872872.56,False
2024-02-28,9745759.06,11068283.4,7845186.52,False
2024-02-29,9815675.77,11170052.02,7957260.7,False
2024-03-01,9696097.43,10965693.35,7993502.33,False
2024-03-02,9321069.39,10462494.31,7969860.06,False
2024-03-03,8373165.78,9846087.58,7086991.91,False
2024-03-04,9718213.09,11127422.21,7634687.01,False
2024-03-05,9910485.0,11358890.93,7996859.9,False
2024-03-06,10014825.49,11449204.49,8153758.4,False
2024-03-07,10035246.03,11521529.97,8162348.52,False
2024-03-08,10129772.93,11442950.12,8398196.04,False
2024-03-09,9597562.28,10727473.38,8345627.2,False
2024-03-10,8762574.03,10314072.97,7403998.25,False
2024-03-11,9893954.06,11348579.59,7947739.95,False
2024-03-12,10074137.99,11498169.68,8139588.36,False
2024-03-13,10132840.78,11483470.54,8249317.65,False
2024-03-14,10157968.79,11363982.22,8338346.85,False
2024-03-15,10154152.95,11341309.06,8364988.6,False
2024-03-16,9744302.13,10961455.14,8355166.25,False
2024-03-17,8812254.18,10226699.45,7501005.14,False
2024-03-18,9997646.45,11557787.66,7937422.42,False
2024-03-19,10075938.33,11265879.37,8320446.44,False
2024-03-20,9981419.45,11264975.45,8148437.57,False
2024-03-21,9910058.15,11171330.05,8092047.67,False
2024-03-22,9975846.65,11474476.41,8181856.06,False
2024-03-23,9570113.13,10716384.48,8308083.08,False
2024-03-24,8825495.25,10151706.02,7479220.21,False
2024-03-25,9015171.46,10460919.45,7606849.1,True
2024-03-26,9728424.57,11182690.3,7938285.85,False
2024-03-27,9262954.18,10304030.64,7797548.1,False
2024-03-28,8390863.15,9447087.61,7420255.01,True
2024-03-29,8071885.49,9087694.75,7027257.25,True
2024-03-30,8690292.66,10010940.05,7328910.14,False
2024-03-31,8478594.76,9795714.42,7316504.93,False
2024-04-01,9542268.08,10729553.56,7780274.11,False
2024-04-02,9421889.19,10524041.7,7977716.61,False
2024-04-03,9513219.45,10704218.48,7984967.07,False
2024-04-04,9465098.62,10587627.25,7931441.92,False
2024-04-05,9752277.34,11018566.37,7787425.08,False
2024-04-06,9424797.06,10347672.15,8259895.25,False
2024-04-07,8727663.79,10168134.08,7278358.73,False
2024-04-08,9709243.06,10933561.52,7940368.56,False
2024-04-09,9677264.71,10907746.67,8043735.93,False
2024-04-10,9844663.93,11147044.54,8246665.5,False
2024-04-11,9995411.21,11331037.68,8309511.03,False
2024-04-12,9948421.95,11150333.4,8268641.63,False
2024-04-13,9451457.76,10477913.93,8180227.24,False
2024-04-14,8578931.62,9830581.62,7309259.49,False
2024-04-15,9685706.07,11017562.21,7748145.73,False
2024-04-16,9858414.29,11154175.34,8139456.02,False
2024-04-17,9824563.07,11033701.72,8231966.17,False
2024-04-18,9706520.73,10862302.91,8053676.39,False
2024-04-19,9516614.95,10603444.65,7980747.57,False
2024-04-20,9103904.42,10120690.62,7875206.32,False
2024-04-21,8229981.22,9471309.76,7137799.75,False
2024-04-22,9057065.58,10288471.17,7383947.8,False
2024-04-23,9277249.26,10631173.08,7564284.1,False
2024-04-24,9483147.36,10847507.19,7764427.97,False
2024-04-25,9515665.55,10739714.69,7903063.83,False
2024-04-26,9214009.26,10235627.55,7731573.7,False
2024-04-27,8910323.8,9903857.51,7666873.06,False
2024-04-28,7971372.44,9167022.99,6792730.51,False
2024-04-29,9145742.85,10589158.7,7262801.57,False
2024-04-30,9619150.57,11012114.81,7713079.47,False
2024-05-01,8921762.34,10371233.74,7420425.97,True
2024-05-02,9538001.72,10928008.06,7704453.08,False
2024-05-03,9555234.17,10726032.72,7787237.81,False
2024-05-04,8908888.83,9889078.57,7780508.01,False
2024-05-05,8226462.96,9562136.88,6865184.89,False
2024-05-06,9553903.44,11037092.27,7497129.49,False
2024-05-07,9638536.4,10966776.05,7842449.85,False
2024-05-08,9560510.12,10965417.94,7847113.22,False
2024-05-09,9291363.6,10621969.26,7716193.9,False
2024-05-10,9425097.11,10833597.57,7596927.77,False
2024-05-11,9136727.47,10353880.31,7859742.22,False
2024-05-12,8187428.32,9201319.74,7144921.21,False
2024-05-13,8528429.36,10027783.2,7129613.32,True
2024-05-14,9507484.18,10814540.2,7737428.33,False
2024-05-15,9501411.18,10733243.06,7930062.73,False
2024-05-16,9594751.11,10854845.44,7900937.02,False
2024-05-17,9624722.54,10865368.28,7893647.62,False
2024-05-18,9316632.98,10376806.36,7932033.72,False
2024-05-19,8685452.74,9937122.45,7408878.71,False
2024-05-20,9645662.1,10957002.91,7839233.86,False
2024-05-21,9375799.01,10577493.65,7810786.14,False
2024-05-22,9322233.35,10419686.14,7739003.89,False
2024-05-23,9420104.68,10734826.35,7621132.48,False
2024-05-24,9683620.48,11040409.81,7828335.32,False
2024-05-25,9168176.0,10355794.56,7788567.01,False
2024-05-26,8372406.79,9549699.83,7095018.21,False
2024-05-27,9227595.72,10595335.08,7386686.5,False
2024-05-28,9473305.34,10778145.21,7763832.47,False
2024-05-29,9401127.23,10624097.4,7817021.87,False
2024-05-30,9381578.58,10512733.25,7808947.25,False
2024-05-31,9380216.88,10629249.26,7626151.62,False
2024-06-01,9118098.82,10250909.06,7772340.2,False
2024-06-02,8451036.94,9722904.86,7264191.67,False
2024-06-03,8495715.44,9873594.86,7218410.91,True
2024-06-04,9250581.74,10536987.0,7600404.0,False
2024-06-05,9324331.01,10622465.02,7665662.11,False
2024-06-06,9350886.37,10502405.1,7794782.5,False
2024-06-07,9395945.34,10647337.74,7638140.84,False
2024-06-08,9155918.89,10218895.25,7850712.36,False
2024-06-09,8145594.74,9341703.6,7117478.86,False
2024-06-10,8342515.59,9748791.21,7035233.51,True
2024-06-11,9138792.07,10456195.89,7408284.17,False
2024-06-12,9326780.06,10549594.41,7641243.2,False
2024-06-13,9360655.97,10631563.24,7678660.6,False
2024-06-14,9323003.72,10423549.11,7711041.11,False
2024-06-15,8583899.22,9574838.39,7508385.05,False
2024-06-16,7952624.14,9456840.06,6728595.15,False
2024-06-17,9336530.37,10804804.2,7185657.76,False
2024-06-18,9381559.02,10572348.01,7768441.46,False
2024-06-19,9256320.36,10607057.22,7493452.18,False
2024-06-20,9198946.93,10498594.16,7540646.75,False
2024-06-21,9581004.06,10850118.57,7648695.54,False
2024-06-22,9075524.16,10159012.5,7716018.87,False
2024-06-23,8136584.15,9392203.2,6974148.5,False
2024-06-24,9239890.08,10652305.99,7303024.99,False
2024-06-25,9316159.16,10504427.93,7678431.93,False
2024-06-26,9231495.51,10433381.04,7712338.22,False
2024-06-27,9190643.3,10329123.84,7585174.22,False
2024-06-28,9211981.49,10407580.46,7539278.57,False
2024-06-29,8790517.56,9857768.12,7568875.57,False
2024-06-30,8134533.85,9224358.41,6969690.43,False
2024-07-01,8243638.42,9574004.33,6973105.45,True
2024-07-02,9364227.81,10836624.63,7517588.53,False
2024-07-03,9472079.35,10978610.73,7611192.38,False
2024-07-04,9359230.15,10585790.43,7716629.39,False
2024-07-05,9050904.89,10036665.0,7701079.41,False
2024-07-06,8876169.41,10158501.14,7338957.03,False
2024-07-07,8167342.51,9564806.59,6990009.58,False
2024-07-08,9325229.62,10694112.69,7421800.43,False
2024-07-09,9504162.18,10799093.42,7855944.24,False
2024-07-10,9547156.42,10769482.98,7790408.36,False
2024-07-11,9618848.03,10763758.88,7972737.42,False
2024-07-12,9586454.28,10803554.42,7882929.36,False
2024-07-13,9108237.95,10342837.14,7782224.37,False
2024-07-14,8343216.36,9169586.54,7192142.05,False
2024-07-15,9349842.41,10656997.86,7494223.68,False
2024-07-16,9472729.58,10645411.34,7809437.03,False
2024-07-17,9611119.33,10780564.8,8030395.43,False
2024-07-18,9483944.6,10708937.77,7814457.19,False
2024-07-19,9343339.01,10361145.17,7815624.34,False
2024-07-20,8610659.69,9842479.77,7384212.21,True
2024-07-21,8315063.36,9637925.36,7098917.17,False
2024-07-22,9440082.02,10792566.52,7601107.66,False
2024-07-23,9542517.01,10773891.07,7881486.21,False
2024-07-24,9569285.93,10896723.25,7875529.2,False
2024-07-25,9737368.66,11046672.72,8006096.31,False
2024-07-26,9766703.98,11027651.91,7987524.09,False
2024-07-27,9204418.24,10345281.88,7908875.14,False
2024-07-28,8431252.19,9785276.46,7184554.63,False
2024-07-29,9849524.5,11418715.26,7694823.51,False
2024-07-30,10071754.84,11269728.62,8380122.83,False
2024-07-31,10043936.39,11297884.82,8232185.88,False
2024-08-01,9902415.8,11064974.06,8352099.67,False
2024-08-02,9953906.4,11244728.66,8161241.2,False
2024-08-03,9595375.32,10607938.16,8366135.96,False
2024-08-04,8785178.08,10105342.73,7505342.29,False
2024-08-05,9782113.54,11029756.61,8047865.41,False
2024-08-06,9727455.62,10970867.17,8073068.18,False
2024-08-07,8982375.58,10382376.87,7645714.57,True
2024-08-08,9886848.18,11255076.74,7995891.8,False
2024-08-09,9882516.99,11107670.07,8261818.02,False
2024-08-10,9278405.66,10408354.08,7882760.95,False
2024-08-11,8488549.3,9886944.01,7217591.06,False
2024-08-12,9743950.92,11111035.01,7830290.32,False
2024-08-13,9661943.72,11140744.54,7885952.77,False
2024-08-14,9932396.31,11275870.93,7949233.44,False
2024-08-15,10152345.46,11523169.77,8380294.7,False
2024-08-16,10133828.92,11386679.82,8456060.47,False
2024-08-17,9408872.35,10563980.59,8038053.84,False
2024-08-18,8442304.47,9802539.8,7157756.23,False
2024-08-19,8968165.55,10564156.32,7584910.79,True
2024-08-20,9975308.99,11435840.73,8122330.4,False
2024-08-21,10008839.65,11350468.07,8444118.89,False
2024-08-22,9864046.93,11157184.02,8385019.83,False
2024-08-23,9868496.42,10899625.18,8378329.59,False
2024-08-24,9310647.98,10390428.4,8019862.17,False
2024-08-25,8641081.06,9816035.77,7511410.77,False
2024-08-26,9383725.62,10726420.58,7767352.66,False
2024-08-27,9771838.19,11361617.04,7778300.95,False
2024-08-28,10119735.96,11469594.58,8379011.04,False
2024-08-29,10241849.28,11512811.99,8507178.09,False
2024-08-30,10162917.87,11370337.84,8499132.49,False
2024-08-31,9619121.78,10631960.92,8477623.71,False
2024-09-01,8633942.99,9954531.07,7453000.12,False
2024-09-02,9782678.85,11219152.86,7879542.06,False
2024-09-03,9950175.31,11192311.4,8323864.84,False
2024-09-04,9904510.62,11259142.46,8248912.59,False
2024-09-05,9916945.81,11281418.3,8250573.48,False
2024-09-06,9925667.86,11126759.11,8314856.74,False
2024-09-07,9400923.06,10650522.71,8186141.53,False
2024-09-08,8839047.9,10113138.2,7592680.81,False
2024-09-09,10038327.26,11484558.67,7983794.09,False
2024-09-10,10162287.99,11431078.22,8235861.03,False
2024-09-11,10273706.8,11549967.9,8577953.1,False
2024-09-12,10083474.74,11222847.36,8562642.01,False
2024-09-13,10246904.24,11534488.61,8502710.32,False
2024-09-14,9947204.36,10972597.21,8638689.47,False
2024-09-15,9176681.86,10617293.77,7801809.35,False
2024-09-16,10150343.12,11585749.01,8462561.38,False
2024-09-17,9733329.71,11035431.01,8094052.32,False
2024-09-18,10214633.14,11736487.34,8303825.89,False
2024-09-19,10236968.68,11407653.45,8464492.74,False
2024-09-20,9923534.41,11271384.98,8296591.3,False
2024-09-21,9575461.86,10701599.63,8442546.92,False
2024-09-22,8569111.09,9904862.57,7365807.95,False
2024-09-23,9718772.13,11190523.26,7548141.05,False
2024-09-24,10118258.03,11371818.72,8332943.27,False
2024-09-25,10049145.14,11164714.39,8533538.01,False
2024-09-26,9814398.59,11061413.1,8069549.69,False
2024-09-27,9920020.02,11146900.46,8290153.8,False
2024-09-28,9448292.77,10411321.93,8345429.55,False
2024-09-29,8437261.89,9703810.68,7448415.96,False
2024-09-30,9049621.92,10411538.09,7236534.97,False
2024-10-01,9596284.48,11080593.44,7948028.87,False
2024-10-02,9501248.84,10820817.58,7755002.92,False
2024-10-03,9609320.18,11049228.51,7888976.4,False
2024-10-04,9658683.95,10765027.88,8071207.98,False
2024-10-05,9095738.52,10218351.87,7836432.86,False
2024-10-06,8225682.02,9509249.69,7043712.11,False
2024-10-07,9252844.03,10551217.47,7429660.04,False
2024-10-08,9252828.27,10492750.51,7616187.03,False
2024-10-09,9434415.95,10893063.43,7590682.39,False
2024-10-10,9401106.72,10709588.22,7822280.71,False
2024-10-11,9437366.26,10806796.58,7654714.22,False
2024-10-12,9107147.24,10224535.63,7901289.19,False
2024-10-13,8290144.83,9477436.08,7141224.0,False
2024-10-14,8448972.5,9847648.81,7109486.39,True
2024-10-15,9330402.26,10777318.54,7511893.86,False
2024-10-16,9424742.6,10798101.17,7685995.55,False
2024-10-17,9691998.04,11157788.03,7838361.23,False
2024-10-18,9893473.13,11280025.3,8060482.02,False
2024-10-19,9362448.27,10450014.03,8164231.58,False
2024-10-20,8381723.12,9707924.42,7185574.93,False
2024-10-21,9324663.47,10680609.39,7409137.66,False
2024-10-22,9439590.77,10753377.1,7751352.22,False
2024-10-23,9522388.5,10914751.04,7773429.34,False
2024-10-24,9683517.51,11101595.7,7863977.02,False
2024-10-25,9852106.37,11228386.19,8013617.91,False
2024-10-26,9508005.78,10651646.27,8230007.97,False
2024-10-27,8706556.45,9953327.99,7509844.1,False
2024-10-28,9589024.76,10965894.22,7648739.12,False
2024-10-29,9760698.69,11135490.67,7976390.33,False
2024-10-30,9692032.05,10837291.93,8076834.14,False
2024-10-31,9250268.98,10390898.88,7701229.3,False
2024-11-01,9163794.33,10412761.47,7663176.19,False
2024-11-02,8794722.87,10008769.64,7479314.34,False
2024-11-03,7958436.02,9151977.93,6935829.88,False
2024-11-04,8127247.76,9582561.79,6928485.57,True
2024-11-05,9259442.75,10772099.84,7291038.84,False
2024-11-06,9464514.53,10834248.33,7685952.35,False
2024-11-07,9439537.81,10777381.81,7772345.18,False
2024-11-08,9243065.23,10412938.57,7657363.38,False
2024-11-09,8761656.88,9905769.58,7507570.26,False
2024-11-10,7945057.26,9189834.98,6771648.42,False
2024-11-11,8067589.25,9417559.83,6910193.17,True
2024-11-12,9119165.99,10501345.42,7184644.52,False
2024-11-13,9313515.08,10716000.26,7549512.18,False
2024-11-14,9374080.76,10795401.09,7629489.59,False
2024-11-15,9454514.96,10751172.35,7714969.97,False
2024-11-16,8963614.74,10062132.39,7751326.94,False
2024-11-17,8696831.88,9991818.06,7541708.56,False
2024-11-18,9723320.18,11171731.15,7841499.57,False
2024-11-19,9865231.25,11362356.77,8146846.28,False
2024-11-20,9734294.55,11118375.68,8033477.57,False
2024-11-21,9766951.71,11122577.72,8074023.15,False
2024-11-22,9655554.69,10916874.8,8078529.54,False
2024-11-23,9283750.37,10436375.82,8007469.09,False
2024-11-24,8659836.14,10073813.53,7420247.55,False
2024-11-25,9863968.4,11382581.53,7881396.39,False
2024-11-26,10000669.49,11168532.02,8359024.94,False
2024-11-27,9944739.7,11355939.93,8185229.54,False
2024-11-28,9979026.2,11348597.01,8235343.86,False
2024-11-29,10005469.58,11241270.11,8352003.96,False
2024-11-30,9560252.64,10858923.11,8089695.26,False
2024-12-01,8996979.26,10267984.96,7759651.82,False
2024-12-02,9980223.18,11328761.29,8144912.54,False
2024-12-03,10102668.57,11422008.23,8372670.89,False
2024-12-04,10166565.3,11538141.59,8444465.63,False
2024-12-05,10181720.96,11577191.13,8517769.12,False
2024-12-06,10108334.83,11277726.83,8524364.2,False
2024-12-07,9499548.21,10627457.77,8411283.3,False
2024-12-08,8741889.14,10027420.61,7503339.31,True
2024-12-09,9857687.44,11403322.66,7670953.96,False
2024-12-10,10212154.85,11570930.23,8449261.0,False
2024-12-11,10145779.24,11543038.03,8233303.85,False
2024-12-12,10188040.62,11496379.17,8161557.26,False
2024-12-13,10116620.14,11302978.51,8526259.18,False
2024-12-14,9331651.08,10616240.84,8025621.73,False
2024-12-15,8723153.26,9994012.89,7435161.01,False
2024-12-16,9930323.88,11247796.45,8163819.13,False
2024-12-17,9921048.25,11255024.74,8040085.19,False
2024-12-18,10019704.63,11353434.58,8071908.5,False
2024-12-19,10020395.53,11385695.97,8199108.47,False
2024-12-20,10081673.78,11240240.31,8551160.03,False
2024-12-21,9492871.83,10631969.52,8221436.04,False
2024-12-22,8828499.47,9910267.05,7715453.49,False
2024-12-23,9413211.98,10544429.73,7598946.39,False
2024-12-24,8899661.19,10121067.56,7653131.53,False
2024-12-25,7933832.48,9326219.77,6566544.21,True
2024-12-26,9390971.48,10838206.71,7476259.95,False
2024-12-27,9500471.63,10780874.58,7856094.9,False
2024-12-28,9159321.57,10250851.11,7893757.09,False
2024-12-29,8592098.7,9849495.4,7362507.5,False
2024-12-30,8932608.9,10263465.96,7273317.42,False
2024-12-31,8264473.07,9559182.82,7190983.0,False
2025-01-01,7338482.96,8637418.15,6303549.75,True
2025-01-02,8534518.92,10150246.75,6886151.78,False
2025-01-03,8849461.33,10252279.02,7460657.1,False
2025-01-04,8576861.24,9880484.52,7373774.04,False
2025-01-05,8079274.94,9242586.11,7012272.43,False
2025-01-06,8241415.2,9879116.71,6709097.72,True
2025-01-07,9248917.86,10815785.93,7232695.8,False
2025-01-08,9672217.34,10835629.61,8058701.35,False
2025-01-09,9619604.75,10866115.11,8046468.89,False
2025-01-10,9685510.38,10995051.67,7970574.17,False
2025-01-11,9317214.53,10512308.86,7938483.89,False
2025-01-12,8553419.33,9940042.89,7105772.33,False
2025-01-13,9581361.24,11094989.06,7435927.81,False
2025-01-14,9885237.7,11047377.05,8291218.71,False
2025-01-15,9890168.43,11046152.25,8296632.1,False
2025-01-16,9897759.46,11112581.68,8288618.04,False
2025-01-17,9985870.26,11188679.97,8350697.0,False
2025-01-18,9375714.4,10627538.56,7969696.73,False
2025-01-19,8684034.09,10129919.12,7153791.0,False
2025-01-20,9899155.88,11264235.4,8047505.86,False
2025-01-21,10052781.98,11285564.97,8377162.85,False
2025-01-22,10097911.83,11397613.91,8415068.05,False
2025-01-23,10123560.37,11436701.38,8502959.9,False
2025-01-24,10117093.74,11334189.43,8473523.58,False
2025-01-25,9622493.42,10701534.96,8319274.22,False
2025-01-26,8591926.14,10284813.52,7358587.99,False
2025-01-27,9771745.47,11274439.49,7707720.34,False
2025-01-28,9910574.95,11396600.01,7996424.75,False
2025-01-29,9916937.0,11248337.08,8001022.45,False
2025-01-30,9815598.45,11120680.52,8090066.81,False
2025-01-31,9837067.38,10994167.92,8166649.91,False
2025-02-01,9398656.58,10686244.08,8062182.5,False
2025-02-02,8612473.89,10223703.96,7308810.25,False
2025-02-03,9910022.7,11271885.86,7965132.84,False
2025-02-04,9966962.81,11238171.33,8411493.11,False
2025-02-05,10051204.83,11150707.22,8533649.37,False
2025-02-06,10112194.01,11429863.87,8514634.16,False
2025-02-07,10158692.87,11329670.48,8431402.67,False
2025-02-08,9422526.73,10518055.14,8157821.44,False
2025-02-09,8523184.05,9811755.47,7469846.79,False
2025-02-10,9390456.03,10815074.86,7544012.37,False
2025-02-11,9512853.27,10831663.8,7909830.34,False
2025-02-12,9590409.23,10995767.34,7858381.62,False
2025-02-13,9641939.66,10911119.01,8016722.51,False
2025-02-14,9552745.31,10740062.6,7956539.1,False
2025-02-15,9095169.0,10134749.21,7940190.42,False
2025-02-16,8313565.26,9662316.04,7176376.81,False
2025-02-17,9365371.85,10824690.35,7524237.6,False
2025-02-18,9485877.6,10850278.72,7854430.32,False
2025-02-19,9582384.14,11041292.82,7867503.72,False
2025-02-20,9656890.72,11049226.65,7988939.2,False
2025-02-21,9705534.88,10969769.22,8030587.65,False
2025-02-22,9220519.62,10179015.15,8079959.35,False
2025-02-23,8391326.85,9738494.32,7305600.59,False
2025-02-24,9449622.63,10781715.47,7567020.46,False
2025-02-25,9616936.61,11050949.42,7924350.24,False
2025-02-26,9589152.28,10945282.44,7912234.65,False
2025-02-27,9638803.56,10930800.05,7994432.85,False
2025-02-28,9575513.85,10744452.27,8003820.44,False
2025-03-01,9120756.8,10197419.17,7942029.94,False
2025-03-02,8392374.82,9665809.55,7306609.32,False
2025-03-03,9339038.92,10696944.09,7618629.86,False
2025-03-04,9538259.04,10806893.21,7917625.94,False
2025-03-05,9610670.87,10880748.96,7938280.35,False
2025-03-06,9574596.21,10913828.58,7934042.46,False
2025-03-07,9616021.04,10853812.05,7895200.97,False
2025-03-08,9149373.12,10232571.71,7886556.72,False
2025-03-09,8440392.45,9821224.18,7258699.14,False
2025-03-10,9506226.53,10945948.98,7627818.38,False
2025-03-11,9614557.52,10857754.4,7917000.92,False
2025-03-12,9568257.38,10962478.77,7859551.01,False
2025-03-13,9714794.3,11235373.63,7929210.82,False
2025-03-14,9580213.88,10800909.85,7915616.16,False
2025-03-15,9124073.21,10205474.85,7888344.33,False
2025-03-16,8330322.56,9721982.26,7046463.97,False
2025-03-17,9436701.43,10799930.33,7703299.05,False
2025-03-18,9467744.32,10839605.5,7864002.27,False
2025-03-19,9552959.91,10917248.08,7829917.04,False
2025-03-20,9662358.84,11084120.0,7906251.96,False
2025-03-21,9715325.63,11031399.11,8058012.25,False
2025-03-22,9307066.52,10400009.77,8032014.6,False
2025-03-23,8552281.18,9775033.23,7349458.4,False
2025-03-24,8786398.97,10499546.0,7373133.34,True
2025-03-25,9786732.43,11371449.29,7898663.68,False
2025-03-26,9820168.29,11266796.7,8113459.32,False
2025-03-27,9814548.77,11204988.6,8143201.94,False
2025-03-28,9714544.04,10852362.09,8152328.04,False
2025-03-29,9251565.75,10287430.09,7972768.27,False
2025-03-30,8404822.47,9703869.89,7255404.23,False
2025-03-31,9428432.88,10951975.43,7529132.5,False
2025-04-01,9584244.01,11327503.27,7792749.64,False
2025-04-02,9530392.45,10870396.58,7807590.69,False
2025-04-03,9590252.7,10914972.36,7921853.39,False
2025-04-04,9518782.86,10769711.46,7925873.91,False
2025-04-05,9125661.41,10216422.75,7857348.32,False
2025-04-06,8332459.16,9621194.86,7186754.34,False
2025-04-07,9397988.07,10907091.48,7456840.51,False
2025-04-08,9543390.7,11072235.91,7864590.35,False
2025-04-09,9607196.8,10930320.45,7984866.34,False
2025-04-10,9508577.19,10787998.68,7994311.79,False
2025-04-11,9323263.79,10559053.08,7800958.13,False
2025-04-12,9109412.75,10385347.32,7702588.96,False
2025-04-13,8632202.27,10035992.64,7352260.67,False
2025-04-14,9677692.49,11063313.48,7863400.43,False
2025-04-15,9810080.58,11069153.28,8165053.85,False
2025-04-16,9697541.55,10755077.94,8236910.5,False
2025-04-17,8569528.84,9603711.24,7508790.45,True
2025-04-18,8125959.34,9308662.66,7087360.5,True
2025-04-19,8570856.3,9864238.19,7330689.15,False
2025-04-20,8386821.15,9727536.34,7177246.41,False
2025-04-21,9461653.86,10847279.5,7623224.2,False
2025-04-22,9581857.3,11017257.41,7818645.49,False
2025-04-23,9602951.88,11062917.51,7881497.14,False
2025-04-24,9752967.39,11110099.36,7914006.69,False
2025-04-25,9696294.02,10857942.35,8082688.19,False
2025-04-26,9159372.24,10399608.04,7949324.63,False
2025-04-27,8365865.38,9713257.95,7222217.74,False
2025-04-28,9563024.6,11159156.8,7534802.21,False
2025-04-29,9530236.97,10861084.66,7841864.03,False
2025-04-30,9445581.27,10689545.44,7824728.39,False
2025-05-01,8749109.18,10108052.31,7530164.47,True
2025-05-02,9466513.22,10769886.65,7669277.1,False
2025-05-03,8940981.65,9977378.42,7808324.53,False
2025-05-04,8316619.86,9748272.64,7045905.27,False
2025-05-05,9299093.21,10772025.78,7538002.11,False
2025-05-06,9468103.65,10881480.99,7782267.79,False
2025-05-07,9439329.76,10777905.81,7818525.99,False
2025-05-08,9459232.35,10860077.86,7764098.25,False
2025-05-09,9618799.62,11058336.35,7797909.29,False
2025-05-10,9402746.05,10618537.32,8084982.67,False
2025-05-11,8636731.58,9870257.89,7396501.04,False
2025-05-12,9871318.38,11381340.19,7903798.62,False
2025-05-13,9908935.95,11247556.35,8280521.11,False
2025-05-14,9816669.65,11246155.6,8191988.6,False
2025-05-15,9602995.55,10672692.89,8103214.81,False
2025-05-16,9514571.35,10678059.52,7879068.61,False
2025-05-17,8992510.98,10072189.17,7818263.35,False
2025-05-18,8317279.37,9667252.53,7113674.8,False
2025-05-19,9277420.98,10830858.04,7370881.16,False
2025-05-20,9622382.33,11047424.7,7919708.67,False
2025-05-21,9748193.53,11177203.41,8017186.93,False
2025-05-22,9754142.06,11173533.4,8033003.35,False
2025-05-23,9953534.09,11311641.03,8182939.38,False
2025-05-24,9547812.01,10614282.52,8328084.9,False
2025-05-25,8761558.47,10134073.46,7489644.51,False
2025-05-26,9680968.96,11070041.96,7896976.84,False
2025-05-27,9708002.96,11068601.12,8066702.14,False
2025-05-28,9757411.12,11253294.59,8044018.34,False
2025-05-29,9813039.62,11292021.06,7948592.57,False
2025-05-30,9928124.86,11055864.38,8302911.21,False
2025-05-31,9220588.92,10285029.07,8073930.32,False
2025-06-01,8257622.84,9594565.78,7098340.54,False
2025-06-02,8640541.3,10217142.71,7282069.98,True
2025-06-03,9625625.0,11048845.5,7799562.93,False
2025-06-04,9768826.02,11210539.09,7997121.04,False
2025-06-05,9778818.99,11116753.41,8113015.86,False
2025-06-06,9773944.86,10909458.01,8075151.47,False
2025-06-07,9368027.46,10572911.36,8014219.41,False
2025-06-08,8795428.14,10285717.87,7451064.4,False
2025-06-09,9728580.73,11141198.7,7901410.15,False
2025-06-10,9661631.27,10975319.46,8120270.46,False
2025-06-11,9517115.48,10923892.96,7870294.08,False
2025-06-12,9599411.75,10859943.36,7931153.81,False
2025-06-13,9380261.59,10541225.98,7905636.67,False
2025-06-14,8848193.99,9987824.92,7544220.36,False
2025-06-15,8277416.63,9652301.4,7029182.14,False
2025-06-16,9580064.62,11065789.42,7606392.65,False
2025-06-17,9696827.65,10838055.65,8034248.55,False
2025-06-18,9853052.58,11337081.9,8082300.3,False
2025-06-19,9917590.25,11334653.16,8155173.71,False
2025-06-20,9977885.24,11240426.16,8333253.4,False
2025-06-21,9483318.99,10565422.55,8303574.92,False
2025-06-22,8401326.87,9543894.8,7450166.98,False
2025-06-23,8482581.05,9988766.54,7257426.7,True
2025-06-24,9461581.39,10841725.17,7622775.4,False
2025-06-25,9714581.69,11163637.89,7883566.63,False
2025-06-26,9871844.5,11250269.7,8144108.05,False
2025-06-27,9859062.16,11017774.01,8232030.38,False
2025-06-28,9325494.28,10411738.87,8120837.99,False
2025-06-29,8552795.36,9785604.81,7408905.33,False
2025-06-30,8804045.56,10299771.99,7499840.88,True
2025-07-01,9704223.44,11073044.19,7897508.14,False
2025-07-02,9882940.62,11187397.55,8225864.51,False
2025-07-03,9894877.7,11362249.89,8160810.64,False
2025-07-04,9782898.85,10886202.58,8229476.57,False
2025-07-05,9091522.59,10226017.27,7994046.38,False
2025-07-06,8481421.22,9887612.74,7196438.02,False
2025-07-07,9693701.86,11183244.39,7838190.77,False
2025-07-08,9897238.66,11276451.57,8188264.68,False
2025-07-09,9934867.82,11304912.28,8229984.88,False
2025-07-10,9902013.5,11293424.09,8167807.35,False
2025-07-11,9908519.87,11108921.23,8336491.07,False
2025-07-12,9380926.66,10427893.74,8191963.05,False
2025-07-13,8556377.13,10000476.88,7386749.61,False
2025-07-14,9644839.72,11129366.3,7734316.58,False
2025-07-15,9849060.06,11301034.1,8137203.06,False
2025-07-16,9944560.68,11277608.04,8239274.23,False
2025-07-17,10004052.89,11324299.0,8303518.98,False
2025-07-18,10085643.61,11312317.36,8445181.7,False
2025-07-19,9606712.12,10664460.32,8390234.25,False
2025-07-20,8818714.28,10134852.69,7571307.01,True
2025-07-21,9867312.29,11328200.81,7974746.9,False
2025-07-22,10052197.07,11379181.25,8318984.13,False
2025-07-23,9991463.81,11383942.61,8332543.88,False
2025-07-24,10114667.42,11413356.97,8362666.13,False
2025-07-25,9991260.52,11229304.7,8310832.56,False
2025-07-26,9361275.37,10403099.32,8194640.29,False
2025-07-27,8569225.84,10079884.63,7273374.04,False
2025-07-28,9817728.38,11383128.04,7855345.8,False
2025-07-29,9867560.72,11138358.24,8247482.48,False
2025-07-30,9768214.83,11312479.61,7929408.49,False
2025-07-31,9999418.35,11423664.4,8194006.12,False
2025-08-01,10127798.8,11440661.46,8369283.17,False
2025-08-02,9619255.81,10508480.64,8519472.97,False
2025-08-03,8565675.73,9776073.59,7439501.59,False
2025-08-04,9607325.16,11182874.96,7606247.48,False
2025-08-05,9802281.26,11091962.7,8192882.32,False
2025-08-06,9754435.72,11131251.37,8009754.03,False
2025-08-07,9097185.51,10471850.39,7806444.07,True
2025-08-08,9763395.82,11137057.11,7979118.58,False
2025-08-09,9111220.77,10132510.85,8020517.48,False
2025-08-10,8337677.36,9587002.87,7225654.91,False
2025-08-11,9546267.36,11108171.16,7507098.6,False
2025-08-12,9944630.89,11450809.74,8190266.43,False
2025-08-13,10001533.22,11333203.17,8264184.56,False
2025-08-14,9948810.45,11330810.15,8254909.47,False
2025-08-15,9902513.41,10998572.42,8613377.7,False
2025-08-16,9126016.19,10203197.16,7992917.3,False
2025-08-17,8353357.92,9613103.08,7192729.87,False
2025-08-18,8629592.03,10179840.34,7360721.44,True
2025-08-19,9707890.69,11431982.81,7738241.16,False
2025-08-20,10269954.68,11565155.74,8438012.05,False
2025-08-21,10249101.19,11629247.42,8408611.38,False
2025-08-22,10181002.68,11582285.47,8381476.47,False
2025-08-23,9525129.87,10707460.64,8221012.0,False
2025-08-24,8786837.14,10244487.13,7469729.53,False
2025-08-25,9898566.44,11385239.07,8003905.45,False
2025-08-26,10066101.68,11547475.33,8176049.26,False
2025-08-27,10202286.32,11655109.12,8362739.0,False
2025-08-28,10070979.07,11606607.98,8266141.99,False
2025-08-29,10142652.09,11572790.05,8351565.33,False
2025-08-30,9591086.84,10603646.98,8359419.51,False
2025-08-31,8809747.18,10145159.65,7515098.13,False
2025-09-01,9929911.37,11336503.22,7928280.83,False
2025-09-02,10108343.13,11396040.05,8596680.47,False
2025-09-03,9998680.87,11489702.87,8302955.59,False
2025-09-04,10127870.26,11556439.58,8407930.54,False
2025-09-05,10152690.99,11245107.84,8661130.41,False
2025-09-06,9585235.45,10450382.74,8408761.29,False
2025-09-07,8506939.16,9768920.28,7385432.32,False
2025-09-08,9826977.58,11133042.98,8005460.51,False
2025-09-09,10324528.34,11605370.37,8455610.23,False
2025-09-10,10459037.78,11731577.2,8773664.73,False
2025-09-11,10237145.99,11619977.91,8453519.6,False
2025-09-12,9940370.68,11224539.19,8411751.54,False
2025-09-13,9536449.97,10725843.54,8206589.89,False
2025-09-14,8734962.26,10159875.05,7451745.53,False
2025-09-15,10002639.0,11605504.49,7839487.08,False
2025-09-16,10094969.84,11364350.59,8429543.01,False
2025-09-17,9925129.3,11285092.81,8144207.35,False
2025-09-18,9757305.66,11080628.79,8069086.36,False
2025-09-19,9720036.6,10959958.93,8085269.3,False
2025-09-20,9275443.71,10494120.53,7863309.3,False
2025-09-21,8730503.16,10105109.3,7469948.88,False
2025-09-22,9795011.1,11396779.52,7751815.32,False
2025-09-23,10207874.95,11627391.86,8283618.58,False
2025-09-24,10328800.5,11627316.64,8431058.6,False
2025-09-25,10158525.27,11634301.88,8345796.28,False
2025-09-26,9998190.93,11200738.04,8398160.73,False
2025-09-27,9445871.81,10620355.18,8152905.9,False
2025-09-28,8676192.05,10115003.55,7432476.69,False
2025-09-29,9776904.44,11350309.94,7804925.65,False
2025-09-30,9637849.01,11074926.07,7857377.68,False
2025-10-01,9726571.03,11194225.64,7993373.73,False
2025-10-02,9736995.14,11284931.88,8031808.29,False
2025-10-03,9795206.38,11044497.82,8066034.79,False
2025-10-04,9182347.39,10456357.34,7942841.83,False
2025-10-05,8681393.16,10159810.39,7313695.44,False
2025-10-06,9756428.05,11137567.06,7845881.51,False
2025-10-07,9947554.84,11447263.84,8079466.35,False
2025-10-08,9939532.24,11164860.51,8226876.06,False
2025-10-09,9922928.98,11247492.54,8181647.17,False
2025-10-10,9700364.51,10934875.33,8304385.59,False
2025-10-11,9024847.2,10239581.53,7840813.71,False
2025-10-12,8172318.83,9468845.28,7038139.99,False
2025-10-13,8413659.28,10000939.17,7063117.89,True
2025-10-14,9524576.12,11163441.47,7510589.63,False
2025-10-15,9650377.01,11105417.8,7910881.66,False
2025-10-16,9473219.28,11018715.19,7720833.21,False
2025-10-17,9700754.12,11138568.93,8000345.46,False
2025-10-18,9382453.82,10638811.96,8024639.87,False
2025-10-19,8648316.38,10118025.29,7334757.06,False
2025-10-20,9746265.1,11196278.91,7817458.78,False
2025-10-21,9774230.67,11290778.32,7985493.23,False
2025-10-22,10074937.87,11272023.74,8407869.53,False
2025-10-23,10164093.81,11368827.48,8564684.83,False
2025-10-24,10083907.79,11286085.13,8366157.79,False
2025-10-25,9635505.3,10779715.96,8380851.66,False
2025-10-26,9154251.82,10533622.58,7986854.94,False
2025-10-27,9926701.08,11293459.56,7849534.25,False
2025-10-28,10045535.45,11662331.12,8297593.37,False
2025-10-29,10045276.29,11559747.92,8289999.56,False
2025-10-30,9931688.58,11317585.3,8271468.97,False
2025-10-31,9787036.27,10924095.19,8141459.77,False
2025-11-01,9420999.21,10762566.58,8111804.29,False
2025-11-02,8773113.25,10390406.6,7510784.8,False
2025-11-03,8940203.48,10428224.85,7573370.5,True
2025-11-04,9813785.83,11410093.96,7827563.55,False
2025-11-05,9894420.14,11430830.26,8142493.57,False
2025-11-06,9903275.2,11405786.7,8133219.16,False
2025-11-07,10078935.03,11593571.1,8228169.22,False
2025-11-08,9746672.09,11068548.15,8371151.6,False
2025-11-09,8980500.42,10292846.14,7711514.61,False
2025-11-10,9942243.26,11537013.1,8082531.13,False
2025-11-11,9961809.56,11387268.67,8297961.27,False
2025-11-12,10074652.13,11528922.61,8346076.62,False
2025-11-13,10039924.81,11531035.49,8243288.03,False
2025-11-14,10133065.73,11432076.15,8304129.09,False
2025-11-15,9474955.42,10599579.55,8289534.22,False
2025-11-16,8492297.86,9759833.3,7330266.01,False
2025-11-17,8739927.85,10328151.08,7351909.13,True
2025-11-18,9895684.84,11518239.68,7900835.44,False
2025-11-19,10117449.53,11609556.91,8326292.29,False
2025-11-20,10108686.95,11587058.6,8302721.04,False
2025-11-21,10058314.78,11503449.07,8304316.97,False
2025-11-22,9641578.81,10972509.48,8302363.16,False
2025-11-23,8837835.59,10252790.76,7632328.1,False
2025-11-24,9928970.33,11378979.12,7999663.31,False
2025-11-25,10139589.61,11624791.94,8289896.16,False
2025-11-26,10244203.6,11662082.81,8465938.94,False
2025-11-27,10219840.99,11555773.7,8515594.83,False
2025-11-28,9844390.85,11032966.97,8370095.72,False
2025-11-29,9136417.13,10412963.58,7873351.31,False
2025-11-30,8596774.25,9997273.13,7458107.57,False
2025-12-01,9551062.19,10939764.86,7692680.43,False
2025-12-02,9766686.14,11287898.14,7923113.72,False
2025-12-03,9899725.21,11366810.51,8136617.65,False
2025-12-04,9905962.78,11406202.77,8167083.19,False
2025-12-05,10012657.05,11339754.71,8241462.96,False
2025-12-06,9719040.87,10664645.72,8385322.67,False
2025-12-07,8906399.35,10123809.09,7879683.69,False
2025-12-08,9095227.03,10555271.72,7733902.75,True
2025-12-09,10273366.02,11868706.37,8318965.43,False
2025-12-10,10392450.46,11947502.18,8688340.66,False
2025-12-11,10447218.26,11977759.16,8741873.34,False
2025-12-12,10405732.06,11789044.14,8806166.49,False
2025-12-13,9887630.99,11145789.14,8669824.72,False
2025-12-14,9101909.66,10520921.21,7768355.55,False
2025-12-15,10278595.81,11683624.33,8410549.21,False
2025-12-16,10356000.99,11747557.76,8703693.64,False
2025-12-17,10276887.23,11705757.43,8684185.52,False
2025-12-18,10303953.85,11642347.34,8673565.97,False
2025-12-19,10313473.53,11583185.46,8676391.23,False
2025-12-20,9675044.12,10777761.74,8644502.16,False
2025-12-21,9119139.22,10395667.99,7943421.23,False
2025-12-22,10010844.04,11404924.93,8259807.17,False
2025-12-23,10085633.4,11298413.38,8516699.45,False
2025-12-24,9400612.88,10591771.22,8452412.64,False
2025-12-25,8333816.34,9423849.05,7305439.22,True
2025-12-26,9455281.75,11033343.03,7719817.21,False
2025-12-27,9441957.25,10779333.06,8209395.9,False
2025-12-28,8956613.1,10317566.97,7695507.2,False
2025-12-29,9738480.86,11115651.6,8142956.55,False
2025-12-30,9689868.03,10940506.24,8277441.1,False
2025-12-31,9120159.42,10409853.6,8158977.59,False
